close_date,close_value
2017-03-01,1054
2017-03-01,49
2017-03-01,556
2017-03-01,4926
2017-03-01,523
2017-03-01,4200
2017-03-01,58
2017-03-01,5964
2017-03-01,5882
2017-03-01,3295
2017-03-01,625
2017-03-01,5087
2017-03-01,550
2017-03-01,65
2017-03-01,511
2017-03-01,4760
2017-03-01,6719
2017-03-01,608
2017-03-01,3348
2017-03-01,571
2017-03-02,517
2017-03-02,57
2017-03-02,57
2017-03-02,950
2017-03-02,970
2017-03-02,559
2017-03-02,48
2017-03-02,3246
2017-03-02,5040
2017-03-02,3841
2017-03-02,60
2017-03-02,504
2017-03-02,3249
2017-03-02,4246
2017-03-02,462
2017-03-02,1011
2017-03-02,4711
2017-03-02,5497
2017-03-02,50
2017-03-02,423
2017-03-03,1026
2017-03-03,67
2017-03-03,635
2017-03-03,1207
2017-03-03,508
2017-03-03,5790
2017-03-03,4438
2017-03-03,532
2017-03-03,1040
2017-03-03,3426
2017-03-03,4998
2017-03-03,615
2017-03-03,3351
2017-03-03,52
2017-03-03,53
2017-03-03,537
2017-03-03,4475
2017-03-04,3180
2017-03-04,559
2017-03-04,62
2017-03-04,1108
2017-03-04,59
2017-03-04,5425
2017-03-04,524
2017-03-04,463
2017-03-04,56
2017-03-04,4705
2017-03-04,1090
2017-03-04,555
2017-03-04,1217
2017-03-04,5260
2017-03-04,999
2017-03-05,61
2017-03-05,58
2017-03-05,4667
2017-03-05,487
2017-03-05,4899
2017-03-05,46
2017-03-05,47
2017-03-05,4216
2017-03-05,3315
2017-03-05,5006
2017-03-06,4631
2017-03-06,3284
2017-03-06,4338
2017-03-06,3956
2017-03-06,4570
2017-03-06,65
2017-03-06,1161
2017-03-06,583
2017-03-06,41
2017-03-06,990
2017-03-06,5620
2017-03-06,56
2017-03-06,499
2017-03-06,5616
2017-03-06,563
2017-03-06,3507
2017-03-06,1123
2017-03-06,47
2017-03-07,50
2017-03-07,601
2017-03-07,3045
2017-03-07,43
2017-03-07,57
2017-03-07,1152
2017-03-07,49
2017-03-07,4906
2017-03-07,1037
2017-03-07,65
2017-03-07,1020
2017-03-07,58
2017-03-07,4559
2017-03-07,5604
2017-03-07,3278
2017-03-07,3959
2017-03-07,3889
2017-03-08,46
2017-03-08,4739
2017-03-08,5673
2017-03-08,1070
2017-03-08,50
2017-03-08,64
2017-03-08,60
2017-03-08,4719
2017-03-08,62
2017-03-08,622
2017-03-08,1095
2017-03-08,59
2017-03-08,3312
2017-03-08,5040
2017-03-08,60
2017-03-08,523
2017-03-09,588
2017-03-09,60
2017-03-09,25897
2017-03-09,1033
2017-03-09,4891
2017-03-09,56
2017-03-09,1049
2017-03-09,4694
2017-03-09,3577
2017-03-09,57
2017-03-09,5548
2017-03-09,4445
2017-03-09,61
2017-03-09,542
2017-03-10,53
2017-03-10,5169
2017-03-10,3012
2017-03-10,598
2017-03-10,5410
2017-03-10,56
2017-03-10,6490
2017-03-10,601
2017-03-10,3647
2017-03-10,540
2017-03-10,4774
2017-03-10,5035
2017-03-10,3763
2017-03-10,47
2017-03-10,1155
2017-03-10,1173
2017-03-10,1053
2017-03-10,542
2017-03-11,4514
2017-03-11,3393
2017-03-11,1014
2017-03-11,51
2017-03-11,5370
2017-03-11,51
2017-03-11,3388
2017-03-11,1043
2017-03-11,4465
2017-03-11,3820
2017-03-11,480
2017-03-11,3550
2017-03-11,59
2017-03-11,61
2017-03-11,4887
2017-03-11,535
2017-03-11,597
2017-03-12,61
2017-03-12,57
2017-03-12,948
2017-03-12,5522
2017-03-12,609
2017-03-12,51
2017-03-12,605
2017-03-12,579
2017-03-12,469
2017-03-12,3479
2017-03-12,3676
2017-03-12,3669
2017-03-12,3602
2017-03-12,458
2017-03-12,572
2017-03-12,657
2017-03-12,522
2017-03-12,3340
2017-03-13,1180
2017-03-13,1046
2017-03-13,589
2017-03-13,1255
2017-03-13,3440
2017-03-13,4711
2017-03-13,5515
2017-03-13,3803
2017-03-13,576
2017-03-13,1185
2017-03-13,4818
2017-03-13,2970
2017-03-13,4766
2017-03-13,1106
2017-03-13,1057
2017-03-13,4987
2017-03-13,6805
2017-03-14,4899
2017-03-14,1233
2017-03-14,3725
2017-03-14,5585
2017-03-14,5539
2017-03-14,4359
2017-03-14,54
2017-03-14,3677
2017-03-14,549
2017-03-14,1034
2017-03-14,3558
2017-03-14,988
2017-03-14,493
2017-03-14,514
2017-03-14,64
2017-03-14,5533
2017-03-14,3358
2017-03-14,56
2017-03-14,4313
2017-03-14,1117
2017-03-14,619
2017-03-14,3257
2017-03-14,607
2017-03-14,622
2017-03-14,929
2017-03-14,4846
2017-03-14,3759
2017-03-14,48
2017-03-15,3573
2017-03-15,3665
2017-03-15,55
2017-03-15,5765
2017-03-15,5100
2017-03-15,537
2017-03-15,1132
2017-03-15,5256
2017-03-15,55
2017-03-15,56
2017-03-15,52
2017-03-15,660
2017-03-15,4678
2017-03-15,5068
2017-03-15,3969
2017-03-16,469
2017-03-16,5787
2017-03-16,54
2017-03-16,639
2017-03-16,441
2017-03-16,4907
2017-03-16,2955
2017-03-16,57
2017-03-16,565
2017-03-16,586
2017-03-16,1257
2017-03-16,5908
2017-03-16,1091
2017-03-16,58
2017-03-16,53
2017-03-16,6101
2017-03-16,4277
2017-03-16,1062
2017-03-16,4980
2017-03-16,3323
2017-03-17,903
2017-03-17,2972
2017-03-17,926
2017-03-17,4125
2017-03-17,56
2017-03-17,4905
2017-03-17,4554
2017-03-17,47
2017-03-17,2923
2017-03-17,60
2017-03-17,49
2017-03-17,62
2017-03-17,47
2017-03-17,57
2017-03-17,665
2017-03-17,1247
2017-03-17,542
2017-03-18,50
2017-03-18,3563
2017-03-18,504
2017-03-18,443
2017-03-18,55
2017-03-18,1164
2017-03-18,4586
2017-03-18,4374
2017-03-18,5210
2017-03-18,4869
2017-03-18,534
2017-03-18,1001
2017-03-18,51
2017-03-18,4701
2017-03-18,4291
2017-03-18,3217
2017-03-19,578
2017-03-19,979
2017-03-19,571
2017-03-19,1116
2017-03-19,4716
2017-03-19,5743
2017-03-19,657
2017-03-19,1158
2017-03-19,2982
2017-03-19,599
2017-03-19,3167
2017-03-19,5266
2017-03-19,58
2017-03-19,425
2017-03-20,1170
2017-03-20,1162
2017-03-20,515
2017-03-20,513
2017-03-20,564
2017-03-20,5059
2017-03-20,4278
2017-03-20,57
2017-03-20,1315
2017-03-20,4247
2017-03-20,510
2017-03-20,581
2017-03-20,49
2017-03-20,896
2017-03-20,5021
2017-03-20,600
2017-03-20,1076
2017-03-20,3587
2017-03-20,3386
2017-03-20,60
2017-03-21,462
2017-03-21,1080
2017-03-21,4829
2017-03-21,6499
2017-03-21,891
2017-03-21,543
2017-03-21,5918
2017-03-21,3742
2017-03-21,1212
2017-03-21,573
2017-03-21,1012
2017-03-21,3822
2017-03-21,4453
2017-03-21,688
2017-03-21,1065
2017-03-21,3496
2017-03-21,1025
2017-03-21,3164
2017-03-21,6024
2017-03-21,3724
2017-03-21,3503
2017-03-21,929
2017-03-22,3463
2017-03-22,4829
2017-03-22,4839
2017-03-22,547
2017-03-22,546
2017-03-22,3952
2017-03-22,3672
2017-03-22,3220
2017-03-22,6142
2017-03-22,586
2017-03-23,590
2017-03-23,4704
2017-03-23,516
2017-03-23,3415
2017-03-23,53
2017-03-23,4148
2017-03-23,5002
2017-03-23,4211
2017-03-23,44
2017-03-23,56
2017-03-23,1343
2017-03-23,3046
2017-03-23,3695
2017-03-23,587
2017-03-23,4443
2017-03-24,564
2017-03-24,1007
2017-03-24,48
2017-03-24,560
2017-03-24,2955
2017-03-24,4694
2017-03-24,3106
2017-03-24,4510
2017-03-24,4375
2017-03-24,590
2017-03-24,50
2017-03-24,615
2017-03-24,1161
2017-03-25,3647
2017-03-25,47
2017-03-25,6282
2017-03-25,3269
2017-03-25,4891
2017-03-25,1073
2017-03-25,1135
2017-03-25,63
2017-03-25,3892
2017-03-25,4071
2017-03-25,638
2017-03-25,5559
2017-03-25,5614
2017-03-25,3333
2017-03-25,1019
2017-03-25,47
2017-03-25,41
2017-03-26,561
2017-03-26,538
2017-03-26,576
2017-03-26,513
2017-03-26,546
2017-03-26,54
2017-03-26,5228
2017-03-26,633
2017-03-26,47
2017-03-26,59
2017-03-26,579
2017-03-26,3254
2017-03-26,6064
2017-03-26,403
2017-03-26,61
2017-03-26,48
2017-03-26,499
2017-03-27,3671
2017-03-27,49
2017-03-27,60
2017-03-27,552
2017-03-27,1186
2017-03-27,5459
2017-03-27,532
2017-03-27,47
2017-03-27,564
2017-03-27,58
2017-03-27,493
2017-03-27,538
2017-03-27,491
2017-03-27,4064
2017-03-27,53
2017-03-27,2871
2017-03-28,1059
2017-03-28,590
2017-03-28,4799
2017-03-28,978
2017-03-28,3421
2017-03-28,5149
2017-03-28,519
2017-03-28,492
2017-03-28,557
2017-03-28,51
2017-03-28,880
2017-03-28,52
2017-03-28,585
2017-03-28,610
2017-03-28,3273
2017-03-28,3459
2017-03-28,4221
2017-03-28,1100
2017-03-28,1062
2017-03-28,453
2017-03-28,4975
2017-03-28,1026
2017-03-29,437
2017-03-29,54
2017-03-29,3962
2017-03-29,542
2017-03-29,3145
2017-03-29,4375
2017-03-29,3833
2017-03-29,5120
2017-03-29,59
2017-03-29,3407
2017-03-29,4667
2017-03-29,4408
2017-03-29,3550
2017-03-29,1159
2017-03-30,4511
2017-03-30,5406
2017-03-30,5425
2017-03-30,510
2017-03-30,1054
2017-03-30,4974
2017-03-30,489
2017-03-30,54
2017-03-30,49
2017-03-30,617
2017-03-30,60
2017-03-30,1136
2017-03-30,54
2017-03-30,1126
2017-03-30,45
2017-03-30,4955
2017-03-30,574
2017-03-30,604
2017-03-30,966
2017-03-30,5109
2017-03-30,4794
2017-03-30,1084
2017-03-31,559
2017-03-31,566
2017-03-31,54
2017-03-31,51
2017-03-31,45
2017-03-31,517
2017-03-31,4939
2017-03-31,365
2017-03-31,5140
2017-03-31,481
2017-03-31,3611
2017-03-31,538
2017-03-31,2550
2017-03-31,1171
2017-03-31,54
2017-03-31,3498
2017-04-01,5060
2017-04-01,585
2017-04-01,3251
2017-04-01,941
2017-04-01,500
2017-04-01,2819
2017-04-01,5073
2017-04-01,55
2017-04-02,540
2017-04-02,4986
2017-04-02,52
2017-04-02,68
2017-04-02,2940
2017-04-02,4855
2017-04-02,609
2017-04-02,4080
2017-04-02,60
2017-04-03,992
2017-04-03,4440
2017-04-03,503
2017-04-03,545
2017-04-03,4253
2017-04-03,4444
2017-04-04,3445
2017-04-04,54
2017-04-04,4820
2017-04-04,49
2017-04-04,589
2017-04-04,882
2017-04-04,5615
2017-04-05,971
2017-04-05,6024
2017-04-05,25288
2017-04-05,5363
2017-04-05,5972
2017-04-05,553
2017-04-05,532
2017-04-06,3181
2017-04-06,4276
2017-04-06,564
2017-04-06,3316
2017-04-06,430
2017-04-06,3817
2017-04-06,5063
2017-04-06,4449
2017-04-06,54
2017-04-06,5647
2017-04-06,450
2017-04-07,5447
2017-04-07,3523
2017-04-07,48
2017-04-07,3390
2017-04-07,5728
2017-04-07,520
2017-04-07,51
2017-04-07,52
2017-04-07,45
2017-04-07,6154
2017-04-08,1056
2017-04-08,58
2017-04-08,6155
2017-04-08,4668
2017-04-08,59
2017-04-08,3626
2017-04-08,589
2017-04-08,5798
2017-04-08,565
2017-04-08,976
2017-04-08,57
2017-04-08,596
2017-04-08,1109
2017-04-09,3665
2017-04-09,1176
2017-04-09,901
2017-04-09,4746
2017-04-09,5693
2017-04-09,53
2017-04-09,3259
2017-04-09,1091
2017-04-09,5678
2017-04-09,5217
2017-04-10,6227
2017-04-10,5637
2017-04-10,4685
2017-04-10,531
2017-04-10,3343
2017-04-10,488
2017-04-10,2794
2017-04-10,5032
2017-04-10,1083
2017-04-10,4761
2017-04-10,915
2017-04-10,1204
2017-04-10,970
2017-04-11,5793
2017-04-11,3263
2017-04-11,507
2017-04-11,949
2017-04-11,582
2017-04-11,593
2017-04-11,1181
2017-04-11,5000
2017-04-11,467
2017-04-12,3367
2017-04-12,3731
2017-04-12,565
2017-04-12,59
2017-04-12,5095
2017-04-12,4756
2017-04-12,4168
2017-04-12,4320
2017-04-12,504
2017-04-12,55
2017-04-13,3141
2017-04-13,4152
2017-04-13,522
2017-04-13,4659
2017-04-13,1290
2017-04-13,52
2017-04-13,1163
2017-04-13,55
2017-04-13,5316
2017-04-13,478
2017-04-14,5691
2017-04-14,3991
2017-04-14,57
2017-04-14,50
2017-04-14,64
2017-04-14,3224
2017-04-14,3077
2017-04-14,1114
2017-04-14,1088
2017-04-15,456
2017-04-15,3655
2017-04-15,59
2017-04-15,5684
2017-04-15,4413
2017-04-15,1142
2017-04-15,58
2017-04-15,57
2017-04-16,5848
2017-04-16,3275
2017-04-16,575
2017-04-16,4955
2017-04-16,533
2017-04-16,597
2017-04-16,5082
2017-04-16,49
2017-04-17,1189
2017-04-17,501
2017-04-17,3532
2017-04-17,5884
2017-04-17,974
2017-04-17,5065
2017-04-17,4343
2017-04-17,5104
2017-04-18,4978
2017-04-18,3409
2017-04-18,47
2017-04-18,62
2017-04-18,4837
2017-04-18,568
2017-04-19,553
2017-04-19,51
2017-04-19,3141
2017-04-19,1327
2017-04-19,527
2017-04-19,5408
2017-04-19,555
2017-04-19,5839
2017-04-19,3392
2017-04-20,598
2017-04-20,3892
2017-04-20,4136
2017-04-20,3785
2017-04-20,996
2017-04-20,59
2017-04-20,4687
2017-04-20,1310
2017-04-20,5040
2017-04-20,55
2017-04-20,23746
2017-04-20,5805
2017-04-21,5220
2017-04-21,4991
2017-04-22,3223
2017-04-22,5672
2017-04-22,4272
2017-04-22,55
2017-04-22,543
2017-04-22,56
2017-04-22,53
2017-04-22,1055
2017-04-22,1158
2017-04-22,59
2017-04-22,55
2017-04-22,6263
2017-04-23,50
2017-04-23,1058
2017-04-23,1033
2017-04-23,3930
2017-04-23,68
2017-04-23,1160
2017-04-23,62
2017-04-23,3490
2017-04-23,3850
2017-04-23,570
2017-04-23,3546
2017-04-24,2997
2017-04-24,54
2017-04-24,5293
2017-04-24,538
2017-04-24,1234
2017-04-24,3668
2017-04-24,4784
2017-04-24,5451
2017-04-24,527
2017-04-24,552
2017-04-24,5078
2017-04-24,5780
2017-04-24,560
2017-04-24,592
2017-04-24,554
2017-04-25,565
2017-04-25,1170
2017-04-25,56
2017-04-25,51
2017-04-25,5853
2017-04-25,49
2017-04-25,5091
2017-04-25,5149
2017-04-25,62
2017-04-25,4980
2017-04-26,52
2017-04-26,474
2017-04-26,3269
2017-04-26,5415
2017-04-26,580
2017-04-26,1113
2017-04-27,4852
2017-04-27,56
2017-04-27,61
2017-04-27,56
2017-04-27,579
2017-04-27,4878
2017-04-27,4605
2017-04-27,1024
2017-04-27,560
2017-04-27,464
2017-04-27,517
2017-04-27,4735
2017-04-28,572
2017-04-28,600
2017-04-28,549
2017-04-28,502
2017-04-28,64
2017-04-28,4891
2017-04-28,55
2017-04-28,4869
2017-04-28,43
2017-04-28,49
2017-04-28,53
2017-04-28,5676
2017-04-28,1146
2017-04-29,44
2017-04-29,1080
2017-04-29,657
2017-04-29,4633
2017-04-29,5858
2017-04-29,3661
2017-04-29,5456
2017-04-29,529
2017-04-29,5029
2017-04-29,788
2017-04-29,584
2017-04-29,60
2017-04-30,5958
2017-04-30,3303
2017-04-30,500
2017-04-30,525
2017-04-30,6384
2017-04-30,3242
2017-04-30,5787
2017-04-30,4810
2017-04-30,59
2017-05-01,3363
2017-05-01,54
2017-05-01,3376
2017-05-01,623
2017-05-01,2873
2017-05-01,629
2017-05-01,3492
2017-05-01,53
2017-05-01,4226
2017-05-01,5414
2017-05-01,51
2017-05-02,1089
2017-05-02,574
2017-05-02,583
2017-05-02,516
2017-05-02,3460
2017-05-02,550
2017-05-02,3233
2017-05-02,550
2017-05-02,579
2017-05-02,4985
2017-05-02,58
2017-05-02,3214
2017-05-02,4916
2017-05-02,59
2017-05-03,5264
2017-05-03,5508
2017-05-03,1036
2017-05-03,1170
2017-05-03,497
2017-05-03,5169
2017-05-03,55
2017-05-03,3041
2017-05-03,64
2017-05-04,572
2017-05-04,57
2017-05-04,55
2017-05-04,3103
2017-05-04,3357
2017-05-04,49
2017-05-04,612
2017-05-04,6292
2017-05-04,532
2017-05-04,5782
2017-05-04,4373
2017-05-04,525
2017-05-04,56
2017-05-04,557
2017-05-04,60
2017-05-04,4956
2017-05-04,4372
2017-05-05,4667
2017-05-05,5008
2017-05-05,5127
2017-05-05,515
2017-05-05,5786
2017-05-05,618
2017-05-05,5010
2017-05-05,5010
2017-05-05,595
2017-05-05,4069
2017-05-05,59
2017-05-05,60
2017-05-05,518
2017-05-05,3042
2017-05-06,572
2017-05-06,481
2017-05-06,4736
2017-05-06,5702
2017-05-06,51
2017-05-06,3208
2017-05-06,3063
2017-05-06,3281
2017-05-06,4512
2017-05-06,1102
2017-05-06,53
2017-05-06,62
2017-05-06,5616
2017-05-06,60
2017-05-06,1020
2017-05-06,562
2017-05-06,4727
2017-05-06,519
2017-05-06,557
2017-05-06,526
2017-05-06,1101
2017-05-06,560
2017-05-07,5582
2017-05-07,538
2017-05-07,3369
2017-05-07,532
2017-05-07,3398
2017-05-07,2904
2017-05-07,61
2017-05-07,3542
2017-05-08,56
2017-05-08,511
2017-05-08,5883
2017-05-08,49
2017-05-08,4833
2017-05-08,4942
2017-05-08,3602
2017-05-08,565
2017-05-08,56
2017-05-08,5813
2017-05-08,3971
2017-05-08,4604
2017-05-08,4859
2017-05-08,3952
2017-05-09,45
2017-05-09,4671
2017-05-09,3470
2017-05-09,3351
2017-05-09,51
2017-05-09,1050
2017-05-09,540
2017-05-09,4867
2017-05-09,5423
2017-05-09,962
2017-05-09,50
2017-05-09,1028
2017-05-09,3685
2017-05-09,1140
2017-05-09,1178
2017-05-09,538
2017-05-09,4704
2017-05-09,4784
2017-05-10,1076
2017-05-10,582
2017-05-10,5068
2017-05-10,3222
2017-05-10,5491
2017-05-10,589
2017-05-10,4983
2017-05-10,3844
2017-05-10,556
2017-05-10,3397
2017-05-10,3527
2017-05-10,541
2017-05-11,1155
2017-05-11,5772
2017-05-11,51
2017-05-11,589
2017-05-11,3025
2017-05-11,535
2017-05-11,624
2017-05-11,4918
2017-05-11,57
2017-05-11,4995
2017-05-11,3232
2017-05-11,549
2017-05-11,6039
2017-05-11,1055
2017-05-11,1300
2017-05-12,943
2017-05-12,3035
2017-05-12,475
2017-05-12,54
2017-05-12,2798
2017-05-12,53
2017-05-12,4280
2017-05-12,5106
2017-05-12,505
2017-05-12,608
2017-05-12,57
2017-05-12,54
2017-05-13,6117
2017-05-13,5035
2017-05-13,501
2017-05-13,3522
2017-05-13,455
2017-05-13,3418
2017-05-13,4311
2017-05-13,5121
2017-05-13,6262
2017-05-13,525
2017-05-13,586
2017-05-13,5311
2017-05-13,511
2017-05-14,5163
2017-05-14,55
2017-05-14,5743
2017-05-14,5755
2017-05-14,3581
2017-05-14,47
2017-05-14,544
2017-05-14,566
2017-05-14,6310
2017-05-14,60
2017-05-14,579
2017-05-15,6270
2017-05-15,1068
2017-05-15,5401
2017-05-15,5473
2017-05-15,4848
2017-05-15,58
2017-05-15,3273
2017-05-15,5621
2017-05-15,5331
2017-05-15,4506
2017-05-15,3423
2017-05-15,5022
2017-05-15,618
2017-05-15,5214
2017-05-15,888
2017-05-15,574
2017-05-15,573
2017-05-15,918
2017-05-15,3960
2017-05-15,3510
2017-05-16,5390
2017-05-16,640
2017-05-16,4634
2017-05-16,1189
2017-05-16,4839
2017-05-16,1060
2017-05-16,4853
2017-05-16,554
2017-05-16,575
2017-05-16,5338
2017-05-16,1100
2017-05-16,629
2017-05-16,57
2017-05-16,68
2017-05-17,513
2017-05-17,1039
2017-05-17,1067
2017-05-17,582
2017-05-17,4494
2017-05-17,4519
2017-05-17,491
2017-05-17,57
2017-05-17,4406
2017-05-17,1135
2017-05-17,1372
2017-05-17,5406
2017-05-17,4627
2017-05-17,567
2017-05-17,3720
2017-05-18,2880
2017-05-18,60
2017-05-18,4766
2017-05-18,533
2017-05-18,1079
2017-05-18,49
2017-05-18,51
2017-05-18,3997
2017-05-18,522
2017-05-18,5215
2017-05-18,55
2017-05-18,4497
2017-05-18,3291
2017-05-18,3589
2017-05-18,1103
2017-05-18,3484
2017-05-19,6079
2017-05-19,1131
2017-05-19,54
2017-05-19,4612
2017-05-19,60
2017-05-19,3151
2017-05-19,4555
2017-05-19,541
2017-05-19,3641
2017-05-19,56
2017-05-19,1075
2017-05-19,58
2017-05-20,3194
2017-05-20,60
2017-05-20,5259
2017-05-20,54
2017-05-20,66
2017-05-20,6177
2017-05-20,5479
2017-05-20,54
2017-05-20,605
2017-05-20,997
2017-05-20,5763
2017-05-20,5042
2017-05-20,60
2017-05-20,56
2017-05-21,538
2017-05-21,518
2017-05-21,5751
2017-05-21,4542
2017-05-21,4878
2017-05-21,4983
2017-05-21,561
2017-05-21,635
2017-05-21,4287
2017-05-22,59
2017-05-22,5051
2017-05-22,5505
2017-05-22,3645
2017-05-22,60
2017-05-22,3509
2017-05-22,609
2017-05-22,568
2017-05-22,3087
2017-05-22,586
2017-05-22,4125
2017-05-22,5137
2017-05-22,991
2017-05-22,537
2017-05-22,4595
2017-05-22,4754
2017-05-22,5172
2017-05-22,5443
2017-05-22,545
2017-05-22,1147
2017-05-22,1282
2017-05-22,4364
2017-05-22,3370
2017-05-22,569
2017-05-22,595
2017-05-22,50
2017-05-22,902
2017-05-22,1082
2017-05-23,4519
2017-05-23,3668
2017-05-23,5827
2017-05-23,3749
2017-05-23,46
2017-05-23,468
2017-05-23,501
2017-05-23,3969
2017-05-23,3717
2017-05-24,63
2017-05-24,4596
2017-05-24,42
2017-05-24,60
2017-05-24,3428
2017-05-24,516
2017-05-24,60
2017-05-24,1110
2017-05-24,4939
2017-05-24,5033
2017-05-24,3604
2017-05-24,3089
2017-05-24,4839
2017-05-25,52
2017-05-25,64
2017-05-25,603
2017-05-25,5728
2017-05-25,4624
2017-05-25,52
2017-05-25,3822
2017-05-25,540
2017-05-25,5244
2017-05-25,935
2017-05-25,472
2017-05-25,549
2017-05-25,5046
2017-05-26,592
2017-05-26,640
2017-05-26,443
2017-05-26,2964
2017-05-26,5625
2017-05-26,5570
2017-05-26,3647
2017-05-26,56
2017-05-26,1137
2017-05-26,1264
2017-05-26,5006
2017-05-26,3982
2017-05-26,5558
2017-05-26,52
2017-05-26,1093
2017-05-26,463
2017-05-27,1050
2017-05-27,4545
2017-05-27,1051
2017-05-27,592
2017-05-27,528
2017-05-27,4204
2017-05-27,4509
2017-05-27,47
2017-05-27,1065
2017-05-27,50
2017-05-27,648
2017-05-27,5012
2017-05-27,491
2017-05-27,4543
2017-05-27,3831
2017-05-27,3558
2017-05-27,441
2017-05-27,529
2017-05-27,512
2017-05-28,5639
2017-05-28,505
2017-05-28,404
2017-05-28,55
2017-05-28,51
2017-05-28,1149
2017-05-28,4978
2017-05-28,48
2017-05-28,5125
2017-05-28,1022
2017-05-28,628
2017-05-29,987
2017-05-29,1111
2017-05-29,5092
2017-05-29,987
2017-05-29,4821
2017-05-29,2915
2017-05-29,60
2017-05-29,548
2017-05-29,2880
2017-05-29,3267
2017-05-29,3395
2017-05-29,56
2017-05-29,545
2017-05-30,5366
2017-05-30,63
2017-05-30,1187
2017-05-30,5159
2017-05-30,567
2017-05-30,4688
2017-05-30,6135
2017-05-30,52
2017-05-30,422
2017-05-30,61
2017-05-30,493
2017-05-30,980
2017-05-30,1129
2017-05-30,3153
2017-05-31,4664
2017-05-31,571
2017-05-31,1044
2017-05-31,579
2017-05-31,1149
2017-05-31,3470
2017-05-31,571
2017-05-31,1037
2017-05-31,4398
2017-05-31,50
2017-05-31,5212
2017-05-31,55
2017-06-01,1216
2017-06-01,530
2017-06-01,1161
2017-06-01,1086
2017-06-01,1020
2017-06-01,584
2017-06-01,51
2017-06-01,51
2017-06-01,4833
2017-06-01,5032
2017-06-01,2677
2017-06-01,56
2017-06-01,564
2017-06-01,964
2017-06-02,57
2017-06-02,1068
2017-06-02,3281
2017-06-02,1220
2017-06-02,568
2017-06-02,3336
2017-06-02,4407
2017-06-02,4082
2017-06-02,857
2017-06-02,1101
2017-06-02,4865
2017-06-02,5606
2017-06-02,999
2017-06-02,6553
2017-06-02,3780
2017-06-02,5304
2017-06-02,490
2017-06-02,3666
2017-06-02,1047
2017-06-02,4575
2017-06-02,4815
2017-06-02,58
2017-06-02,583
2017-06-02,4644
2017-06-03,1121
2017-06-03,60
2017-06-03,5148
2017-06-03,528
2017-06-03,5015
2017-06-03,6046
2017-06-03,3558
2017-06-03,59
2017-06-03,502
2017-06-03,6102
2017-06-03,54
2017-06-03,4329
2017-06-03,3670
2017-06-03,605
2017-06-03,5100
2017-06-03,1208
2017-06-03,4642
2017-06-03,3236
2017-06-04,4426
2017-06-04,565
2017-06-04,3908
2017-06-04,3642
2017-06-04,477
2017-06-04,5401
2017-06-04,3763
2017-06-04,574
2017-06-04,49
2017-06-04,3330
2017-06-04,65
2017-06-04,52
2017-06-04,3438
2017-06-04,561
2017-06-04,2887
2017-06-04,538
2017-06-04,54
2017-06-04,3624
2017-06-04,1112
2017-06-04,593
2017-06-04,4192
2017-06-04,1056
2017-06-05,5429
2017-06-05,55
2017-06-05,672
2017-06-05,3618
2017-06-05,3813
2017-06-05,5105
2017-06-05,2875
2017-06-05,52
2017-06-05,572
2017-06-05,1184
2017-06-05,3011
2017-06-05,54
2017-06-05,616
2017-06-05,460
2017-06-05,1171
2017-06-05,5644
2017-06-05,4988
2017-06-06,599
2017-06-06,41
2017-06-06,5116
2017-06-06,1190
2017-06-06,956
2017-06-06,3246
2017-06-06,595
2017-06-06,494
2017-06-06,528
2017-06-06,3869
2017-06-06,53
2017-06-06,5223
2017-06-06,56
2017-06-06,55
2017-06-06,4335
2017-06-06,46
2017-06-06,638
2017-06-06,1192
2017-06-06,491
2017-06-06,533
2017-06-06,562
2017-06-06,555
2017-06-06,5532
2017-06-06,4687
2017-06-06,4492
2017-06-07,581
2017-06-07,30288
2017-06-07,1103
2017-06-07,59
2017-06-07,4494
2017-06-07,4689
2017-06-07,3081
2017-06-07,4327
2017-06-07,605
2017-06-07,3290
2017-06-07,4923
2017-06-07,1064
2017-06-07,4606
2017-06-07,60
2017-06-07,5420
2017-06-07,66
2017-06-07,5378
2017-06-08,5142
2017-06-08,6173
2017-06-08,966
2017-06-08,51
2017-06-08,52
2017-06-08,54
2017-06-08,940
2017-06-08,941
2017-06-08,537
2017-06-08,523
2017-06-08,967
2017-06-08,600
2017-06-09,441
2017-06-09,3783
2017-06-09,3714
2017-06-09,4342
2017-06-09,5182
2017-06-09,5017
2017-06-09,527
2017-06-09,4413
2017-06-09,54
2017-06-09,52
2017-06-09,5324
2017-06-09,48
2017-06-09,5112
2017-06-09,3771
2017-06-09,54
2017-06-10,1056
2017-06-10,5618
2017-06-10,3075
2017-06-10,5256
2017-06-10,526
2017-06-10,1188
2017-06-10,3245
2017-06-10,2882
2017-06-10,595
2017-06-10,1145
2017-06-10,61
2017-06-10,2807
2017-06-10,48
2017-06-10,56
2017-06-10,899
2017-06-11,5724
2017-06-11,487
2017-06-11,5876
2017-06-11,545
2017-06-11,6023
2017-06-11,595
2017-06-11,5664
2017-06-11,1074
2017-06-11,52
2017-06-11,3185
2017-06-11,478
2017-06-11,3619
2017-06-11,1067
2017-06-11,1123
2017-06-11,5721
2017-06-11,1075
2017-06-11,45
2017-06-11,5241
2017-06-11,59
2017-06-11,497
2017-06-11,5642
2017-06-11,5081
2017-06-11,3313
2017-06-11,3850
2017-06-11,63
2017-06-11,1140
2017-06-12,4650
2017-06-12,5370
2017-06-12,1166
2017-06-12,1190
2017-06-12,1062
2017-06-12,5344
2017-06-12,5416
2017-06-12,564
2017-06-12,503
2017-06-12,3161
2017-06-12,5343
2017-06-12,4908
2017-06-12,489
2017-06-12,1030
2017-06-12,562
2017-06-12,52
2017-06-12,2724
2017-06-13,4933
2017-06-13,2919
2017-06-13,3426
2017-06-13,3807
2017-06-13,3295
2017-06-13,522
2017-06-13,1184
2017-06-13,49
2017-06-13,3600
2017-06-13,1214
2017-06-13,1105
2017-06-13,46
2017-06-13,5056
2017-06-14,3689
2017-06-14,2981
2017-06-14,3215
2017-06-14,50
2017-06-14,642
2017-06-14,4369
2017-06-14,497
2017-06-14,3430
2017-06-14,5930
2017-06-14,1144
2017-06-14,547
2017-06-14,1090
2017-06-14,53
2017-06-14,565
2017-06-14,4612
2017-06-14,524
2017-06-14,881
2017-06-14,3772
2017-06-15,1018
2017-06-15,2928
2017-06-15,6509
2017-06-15,4498
2017-06-15,3986
2017-06-15,524
2017-06-15,4281
2017-06-15,58
2017-06-15,1183
2017-06-15,518
2017-06-15,4712
2017-06-15,4423
2017-06-15,1120
2017-06-15,507
2017-06-15,55
2017-06-15,59
2017-06-16,4829
2017-06-16,516
2017-06-16,1055
2017-06-16,50
2017-06-16,1039
2017-06-16,3028
2017-06-16,1037
2017-06-16,55
2017-06-16,52
2017-06-16,3844
2017-06-16,64
2017-06-16,544
2017-06-16,3179
2017-06-16,5546
2017-06-16,55
2017-06-16,1273
2017-06-16,57
2017-06-16,614
2017-06-16,923
2017-06-17,3822
2017-06-17,5503
2017-06-17,465
2017-06-17,571
2017-06-17,5035
2017-06-17,459
2017-06-17,1157
2017-06-17,641
2017-06-17,3228
2017-06-17,4760
2017-06-17,2918
2017-06-17,4942
2017-06-17,1064
2017-06-17,624
2017-06-17,3662
2017-06-17,834
2017-06-17,3468
2017-06-18,2525
2017-06-18,1199
2017-06-18,492
2017-06-18,56
2017-06-18,551
2017-06-18,542
2017-06-18,61
2017-06-18,530
2017-06-18,58
2017-06-18,3031
2017-06-18,5986
2017-06-18,27385
2017-06-18,1115
2017-06-18,4794
2017-06-18,627
2017-06-18,59
2017-06-19,4066
2017-06-19,3893
2017-06-19,3087
2017-06-19,67
2017-06-19,4856
2017-06-19,2560
2017-06-19,54
2017-06-19,501
2017-06-19,4648
2017-06-19,1140
2017-06-19,62
2017-06-19,5063
2017-06-19,3641
2017-06-19,5339
2017-06-19,54
2017-06-19,5353
2017-06-19,3424
2017-06-20,975
2017-06-20,53
2017-06-20,4565
2017-06-20,600
2017-06-20,460
2017-06-20,5946
2017-06-20,983
2017-06-20,54
2017-06-20,984
2017-06-20,1188
2017-06-20,4308
2017-06-20,4939
2017-06-21,4969
2017-06-21,4527
2017-06-21,3378
2017-06-21,49
2017-06-21,554
2017-06-21,4653
2017-06-21,5393
2017-06-21,602
2017-06-21,588
2017-06-21,1040
2017-06-21,3227
2017-06-21,56
2017-06-21,5175
2017-06-21,527
2017-06-21,1118
2017-06-21,5388
2017-06-22,545
2017-06-22,1035
2017-06-22,5855
2017-06-22,4458
2017-06-22,516
2017-06-22,54
2017-06-22,496
2017-06-22,61
2017-06-22,48
2017-06-22,53
2017-06-22,452
2017-06-22,1150
2017-06-22,1096
2017-06-22,3188
2017-06-22,569
2017-06-22,5698
2017-06-22,639
2017-06-22,60
2017-06-22,54
2017-06-22,60
2017-06-22,551
2017-06-23,532
2017-06-23,584
2017-06-23,1069
2017-06-23,522
2017-06-23,3657
2017-06-23,568
2017-06-23,6920
2017-06-23,531
2017-06-23,62
2017-06-23,626
2017-06-23,48
2017-06-23,3813
2017-06-23,55
2017-06-23,5115
2017-06-23,61
2017-06-23,3559
2017-06-24,1008
2017-06-24,4756
2017-06-24,1046
2017-06-24,491
2017-06-24,601
2017-06-24,575
2017-06-24,51
2017-06-24,1036
2017-06-24,587
2017-06-24,59
2017-06-24,3681
2017-06-24,4272
2017-06-24,4410
2017-06-24,58
2017-06-24,3323
2017-06-24,3228
2017-06-24,5306
2017-06-24,52
2017-06-25,598
2017-06-25,5031
2017-06-25,619
2017-06-25,63
2017-06-25,447
2017-06-25,4066
2017-06-25,527
2017-06-25,51
2017-06-25,5857
2017-06-25,6365
2017-06-25,4733
2017-06-25,3110
2017-06-25,3785
2017-06-25,985
2017-06-25,4756
2017-06-25,5030
2017-06-25,55
2017-06-25,551
2017-06-26,5154
2017-06-26,3169
2017-06-26,3415
2017-06-26,62
2017-06-26,5991
2017-06-26,4968
2017-06-26,7356
2017-06-26,5189
2017-06-26,1109
2017-06-26,5197
2017-06-26,3070
2017-06-26,950
2017-06-26,3249
2017-06-26,1135
2017-06-26,3205
2017-06-26,420
2017-06-26,3720
2017-06-26,5622
2017-06-26,1033
2017-06-27,29617
2017-06-27,521
2017-06-27,1142
2017-06-27,3443
2017-06-27,5113
2017-06-27,3738
2017-06-27,524
2017-06-27,4534
2017-06-27,1115
2017-06-27,923
2017-06-27,1163
2017-06-27,5076
2017-06-27,58
2017-06-27,1078
2017-06-27,603
2017-06-27,63
2017-06-27,2993
2017-06-27,3681
2017-06-27,3470
2017-06-27,68
2017-06-27,4234
2017-06-27,54
2017-06-27,6229
2017-06-27,2753
2017-06-28,5133
2017-06-28,5643
2017-06-28,2863
2017-06-28,4109
2017-06-28,3397
2017-06-28,4762
2017-06-28,1074
2017-06-28,49
2017-06-28,424
2017-06-28,54
2017-06-28,550
2017-06-28,5039
2017-06-28,24949
2017-06-28,1041
2017-06-28,2871
2017-06-28,3539
2017-06-28,6040
2017-06-28,546
2017-06-28,53
2017-06-28,6666
2017-06-28,3478
2017-06-29,463
2017-06-29,494
2017-06-29,5407
2017-06-29,542
2017-06-29,60
2017-06-29,5079
2017-06-29,564
2017-06-29,531
2017-06-29,5028
2017-06-29,4709
2017-06-29,4798
2017-06-29,3306
2017-06-30,1081
2017-06-30,53
2017-06-30,4256
2017-06-30,3040
2017-06-30,1185
2017-06-30,1021
2017-06-30,3959
2017-06-30,526
2017-06-30,5558
2017-06-30,628
2017-06-30,1073
2017-06-30,4564
2017-06-30,25464
2017-06-30,5302
2017-06-30,3863
2017-06-30,3815
2017-07-01,1149
2017-07-01,57
2017-07-01,4813
2017-07-01,51
2017-07-01,4826
2017-07-01,3465
2017-07-01,5640
2017-07-01,59
2017-07-01,4766
2017-07-01,4785
2017-07-01,53
2017-07-02,553
2017-07-02,932
2017-07-02,64
2017-07-02,5088
2017-07-02,59
2017-07-02,839
2017-07-02,60
2017-07-02,5081
2017-07-02,1176
2017-07-02,5064
2017-07-02,462
2017-07-02,1167
2017-07-02,50
2017-07-03,60
2017-07-03,557
2017-07-03,49
2017-07-03,54
2017-07-03,5536
2017-07-03,1137
2017-07-03,504
2017-07-03,4264
2017-07-04,880
2017-07-04,5201
2017-07-04,617
2017-07-04,3548
2017-07-04,1028
2017-07-04,4856
2017-07-04,5274
2017-07-04,480
2017-07-04,5333
2017-07-04,4915
2017-07-05,66
2017-07-05,3355
2017-07-05,3423
2017-07-05,4181
2017-07-05,541
2017-07-05,3101
2017-07-05,4544
2017-07-05,1102
2017-07-05,63
2017-07-06,612
2017-07-06,541
2017-07-06,518
2017-07-06,991
2017-07-06,4635
2017-07-06,57
2017-07-06,3676
2017-07-06,4749
2017-07-06,3252
2017-07-06,56
2017-07-06,3508
2017-07-06,5157
2017-07-07,5121
2017-07-07,59
2017-07-07,3615
2017-07-07,4162
2017-07-07,3865
2017-07-07,1105
2017-07-07,5909
2017-07-07,576
2017-07-07,5966
2017-07-08,5536
2017-07-08,5321
2017-07-08,950
2017-07-08,62
2017-07-08,3562
2017-07-08,4830
2017-07-08,590
2017-07-08,4089
2017-07-09,4837
2017-07-09,5159
2017-07-09,51
2017-07-09,3699
2017-07-09,64
2017-07-09,4859
2017-07-09,5422
2017-07-09,1180
2017-07-09,55
2017-07-09,574
2017-07-09,1107
2017-07-09,565
2017-07-09,483
2017-07-09,993
2017-07-09,3569
2017-07-10,1047
2017-07-10,466
2017-07-10,595
2017-07-10,4974
2017-07-10,665
2017-07-11,3172
2017-07-11,3351
2017-07-11,47
2017-07-11,4391
2017-07-11,1308
2017-07-11,574
2017-07-11,3657
2017-07-11,571
2017-07-11,1204
2017-07-11,64
2017-07-11,1088
2017-07-11,4440
2017-07-11,42
2017-07-12,592
2017-07-12,50
2017-07-12,540
2017-07-12,935
2017-07-12,1230
2017-07-12,5085
2017-07-12,2878
2017-07-12,576
2017-07-13,55
2017-07-13,1133
2017-07-13,4669
2017-07-13,583
2017-07-13,4466
2017-07-13,1192
2017-07-14,491
2017-07-14,5971
2017-07-14,1109
2017-07-14,58
2017-07-14,5629
2017-07-14,4682
2017-07-14,3250
2017-07-14,1020
2017-07-14,55
2017-07-14,2905
2017-07-14,585
2017-07-15,443
2017-07-15,458
2017-07-15,4530
2017-07-15,1122
2017-07-15,3362
2017-07-15,3973
2017-07-15,1029
2017-07-15,48
2017-07-16,3452
2017-07-16,861
2017-07-16,54
2017-07-16,5284
2017-07-16,457
2017-07-16,5382
2017-07-16,5537
2017-07-16,579
2017-07-16,555
2017-07-17,4213
2017-07-17,2996
2017-07-17,579
2017-07-17,1193
2017-07-17,5576
2017-07-17,962
2017-07-17,54
2017-07-17,44
2017-07-17,54
2017-07-17,4488
2017-07-17,550
2017-07-18,5578
2017-07-18,4651
2017-07-18,4631
2017-07-18,57
2017-07-18,1258
2017-07-18,5538
2017-07-18,5703
2017-07-18,538
2017-07-18,496
2017-07-19,5137
2017-07-19,53
2017-07-19,3230
2017-07-19,59
2017-07-19,588
2017-07-19,4881
2017-07-19,57
2017-07-19,536
2017-07-19,5621
2017-07-19,5673
2017-07-19,752
2017-07-20,491
2017-07-20,1076
2017-07-20,1202
2017-07-21,1063
2017-07-21,5013
2017-07-21,61
2017-07-21,1109
2017-07-21,4907
2017-07-21,3568
2017-07-21,1160
2017-07-22,5873
2017-07-22,5118
2017-07-22,5283
2017-07-23,3741
2017-07-23,3420
2017-07-23,59
2017-07-23,650
2017-07-23,1106
2017-07-23,535
2017-07-23,49
2017-07-23,3684
2017-07-23,50
2017-07-23,51
2017-07-23,442
2017-07-23,1174
2017-07-24,550
2017-07-24,5161
2017-07-24,3411
2017-07-24,62
2017-07-24,3363
2017-07-24,617
2017-07-24,541
2017-07-25,57
2017-07-25,3724
2017-07-25,59
2017-07-25,52
2017-07-25,4683
2017-07-25,57
2017-07-25,53
2017-07-25,47
2017-07-25,630
2017-07-25,57
2017-07-25,4824
2017-07-25,1171
2017-07-25,58
2017-07-25,59
2017-07-26,1144
2017-07-26,5008
2017-07-26,490
2017-07-26,3665
2017-07-26,53
2017-07-26,5698
2017-07-26,5401
2017-07-26,4895
2017-07-26,4428
2017-07-26,5347
2017-07-26,458
2017-07-26,4490
2017-07-26,491
2017-07-27,1114
2017-07-27,54
2017-07-27,5440
2017-07-27,4673
2017-07-27,3352
2017-07-27,3985
2017-07-27,65
2017-07-27,523
2017-07-27,6100
2017-07-27,1031
2017-07-27,4677
2017-07-28,5318
2017-07-28,5268
2017-07-28,3407
2017-07-28,532
2017-07-28,3403
2017-07-28,563
2017-07-28,3405
2017-07-28,2718
2017-07-28,55
2017-07-28,1000
2017-07-28,54
2017-07-28,51
2017-07-28,58
2017-07-28,554
2017-07-28,3809
2017-07-28,1044
2017-07-28,3596
2017-07-28,4209
2017-07-29,537
2017-07-29,927
2017-07-29,1311
2017-07-29,5068
2017-07-29,46
2017-07-29,514
2017-07-29,4671
2017-07-29,4172
2017-07-30,955
2017-07-30,1089
2017-07-30,494
2017-07-30,997
2017-07-30,526
2017-07-30,418
2017-07-30,3167
2017-07-30,1231
2017-07-30,4434
2017-07-30,538
2017-07-30,3371
2017-07-30,537
2017-07-30,4387
2017-07-30,4555
2017-07-31,5392
2017-07-31,2970
2017-07-31,1070
2017-07-31,494
2017-07-31,4772
2017-07-31,50
2017-07-31,581
2017-07-31,5480
2017-07-31,4842
2017-07-31,53
2017-07-31,5741
2017-07-31,4913
2017-08-01,821
2017-08-01,53
2017-08-01,57
2017-08-01,5601
2017-08-01,3282
2017-08-01,1032
2017-08-01,3033
2017-08-01,57
2017-08-01,513
2017-08-01,1319
2017-08-01,48
2017-08-01,61
2017-08-02,1091
2017-08-02,51
2017-08-02,5525
2017-08-02,4873
2017-08-02,3985
2017-08-02,505
2017-08-02,1145
2017-08-02,6026
2017-08-02,4517
2017-08-02,3018
2017-08-02,56
2017-08-02,2837
2017-08-02,3367
2017-08-02,3025
2017-08-02,3260
2017-08-03,489
2017-08-03,52
2017-08-03,5203
2017-08-03,3718
2017-08-03,516
2017-08-03,3031
2017-08-03,4686
2017-08-03,554
2017-08-03,3855
2017-08-03,1060
2017-08-03,528
2017-08-03,60
2017-08-04,572
2017-08-04,3138
2017-08-04,3808
2017-08-04,4505
2017-08-04,2981
2017-08-04,59
2017-08-04,513
2017-08-04,54
2017-08-04,522
2017-08-04,53
2017-08-04,1302
2017-08-04,1275
2017-08-04,5312
2017-08-04,1053
2017-08-04,1017
2017-08-04,4749
2017-08-04,4598
2017-08-04,50
2017-08-04,1160
2017-08-05,3012
2017-08-05,54
2017-08-05,528
2017-08-05,4697
2017-08-05,901
2017-08-05,995
2017-08-05,3666
2017-08-05,557
2017-08-05,572
2017-08-05,4924
2017-08-05,4462
2017-08-05,607
2017-08-05,3184
2017-08-05,1017
2017-08-05,1267
2017-08-05,566
2017-08-05,602
2017-08-05,3752
2017-08-05,4603
2017-08-05,4231
2017-08-06,4554
2017-08-06,532
2017-08-06,4861
2017-08-06,525
2017-08-06,5109
2017-08-06,647
2017-08-06,917
2017-08-06,4330
2017-08-06,556
2017-08-06,48
2017-08-06,584
2017-08-06,651
2017-08-06,1189
2017-08-06,1157
2017-08-06,606
2017-08-07,999
2017-08-07,571
2017-08-07,5194
2017-08-07,1097
2017-08-07,4689
2017-08-07,1006
2017-08-07,996
2017-08-07,3271
2017-08-07,965
2017-08-07,3019
2017-08-08,4901
2017-08-08,5913
2017-08-08,1222
2017-08-08,553
2017-08-08,1088
2017-08-08,56
2017-08-08,3458
2017-08-08,624
2017-08-08,4941
2017-08-08,4252
2017-08-08,5204
2017-08-08,1143
2017-08-09,5820
2017-08-09,54
2017-08-09,590
2017-08-09,51
2017-08-09,63
2017-08-09,52
2017-08-09,5647
2017-08-09,60
2017-08-09,53
2017-08-09,3808
2017-08-09,588
2017-08-09,3042
2017-08-09,3546
2017-08-09,1128
2017-08-09,568
2017-08-09,1014
2017-08-09,4790
2017-08-09,1038
2017-08-09,502
2017-08-09,3156
2017-08-10,1161
2017-08-10,3139
2017-08-10,1151
2017-08-10,1194
2017-08-10,768
2017-08-10,5361
2017-08-10,4581
2017-08-10,1354
2017-08-10,595
2017-08-10,507
2017-08-10,1045
2017-08-10,553
2017-08-10,4565
2017-08-10,53
2017-08-10,514
2017-08-10,53
2017-08-10,1097
2017-08-10,3187
2017-08-10,53
2017-08-10,53
2017-08-10,1102
2017-08-11,52
2017-08-11,527
2017-08-11,583
2017-08-11,543
2017-08-11,596
2017-08-11,5037
2017-08-11,3552
2017-08-11,1083
2017-08-11,1110
2017-08-11,475
2017-08-11,1100
2017-08-11,49
2017-08-11,3285
2017-08-11,5695
2017-08-11,4230
2017-08-11,5843
2017-08-11,56
2017-08-11,560
2017-08-11,1012
2017-08-11,490
2017-08-11,3440
2017-08-11,5401
2017-08-11,5186
2017-08-11,3114
2017-08-11,4859
2017-08-12,5040
2017-08-12,570
2017-08-12,5408
2017-08-12,62
2017-08-12,5182
2017-08-12,4935
2017-08-12,511
2017-08-12,4022
2017-08-12,53
2017-08-12,4933
2017-08-12,515
2017-08-12,4904
2017-08-12,3146
2017-08-12,3687
2017-08-12,5205
2017-08-12,52
2017-08-13,585
2017-08-13,3351
2017-08-13,3625
2017-08-13,3511
2017-08-14,4359
2017-08-14,3334
2017-08-14,599
2017-08-14,578
2017-08-14,5310
2017-08-14,1015
2017-08-14,4671
2017-08-14,24745
2017-08-14,4642
2017-08-14,4270
2017-08-14,4738
2017-08-14,48
2017-08-14,6284
2017-08-14,3963
2017-08-14,1105
2017-08-15,5191
2017-08-15,59
2017-08-15,3290
2017-08-15,440
2017-08-15,524
2017-08-15,5631
2017-08-15,69
2017-08-15,979
2017-08-15,3470
2017-08-15,3994
2017-08-15,50
2017-08-15,463
2017-08-16,3025
2017-08-16,4352
2017-08-16,575
2017-08-16,5770
2017-08-16,431
2017-08-16,1101
2017-08-16,5125
2017-08-16,5018
2017-08-16,5088
2017-08-16,3207
2017-08-16,5319
2017-08-16,3452
2017-08-16,52
2017-08-16,49
2017-08-16,56
2017-08-17,3560
2017-08-17,59
2017-08-17,526
2017-08-17,776
2017-08-17,6206
2017-08-17,5769
2017-08-17,1002
2017-08-17,6042
2017-08-17,3480
2017-08-17,54
2017-08-17,5185
2017-08-17,486
2017-08-17,566
2017-08-17,892
2017-08-17,4294
2017-08-17,5058
2017-08-17,60
2017-08-17,3039
2017-08-17,1085
2017-08-18,43
2017-08-18,4644
2017-08-18,56
2017-08-18,492
2017-08-18,1198
2017-08-18,45
2017-08-18,51
2017-08-18,3453
2017-08-18,53
2017-08-18,46
2017-08-18,573
2017-08-19,5145
2017-08-19,4246
2017-08-19,1131
2017-08-19,2699
2017-08-19,3428
2017-08-19,57
2017-08-19,517
2017-08-19,459
2017-08-19,57
2017-08-19,4936
2017-08-19,53
2017-08-19,2937
2017-08-19,5300
2017-08-19,5572
2017-08-19,551
2017-08-20,65
2017-08-20,553
2017-08-20,866
2017-08-20,6346
2017-08-20,54
2017-08-20,3250
2017-08-20,4180
2017-08-20,4869
2017-08-20,5166
2017-08-20,61
2017-08-20,43
2017-08-20,1132
2017-08-20,960
2017-08-20,55
2017-08-20,3335
2017-08-20,6069
2017-08-20,1143
2017-08-20,6529
2017-08-21,1033
2017-08-21,1210
2017-08-21,529
2017-08-21,57
2017-08-21,5712
2017-08-21,54
2017-08-21,5472
2017-08-21,562
2017-08-21,511
2017-08-21,5049
2017-08-21,1126
2017-08-21,53
2017-08-21,3448
2017-08-22,4787
2017-08-22,4432
2017-08-22,5572
2017-08-22,51
2017-08-22,1176
2017-08-22,608
2017-08-22,576
2017-08-22,5195
2017-08-22,5038
2017-08-22,938
2017-08-22,1171
2017-08-22,4498
2017-08-22,2682
2017-08-23,878
2017-08-23,1144
2017-08-23,5987
2017-08-23,57
2017-08-23,3407
2017-08-23,1019
2017-08-23,570
2017-08-23,5223
2017-08-23,1036
2017-08-23,6094
2017-08-23,580
2017-08-23,49
2017-08-23,4611
2017-08-23,494
2017-08-23,5847
2017-08-23,5340
2017-08-23,4930
2017-08-23,4861
2017-08-23,589
2017-08-23,557
2017-08-23,4545
2017-08-23,557
2017-08-24,3766
2017-08-24,987
2017-08-24,877
2017-08-24,3339
2017-08-24,51
2017-08-24,52
2017-08-24,5271
2017-08-24,555
2017-08-24,3838
2017-08-24,1130
2017-08-24,1094
2017-08-25,5747
2017-08-25,881
2017-08-25,959
2017-08-25,1118
2017-08-25,5421
2017-08-25,3455
2017-08-25,5614
2017-08-25,62
2017-08-25,5671
2017-08-25,552
2017-08-25,1104
2017-08-25,62
2017-08-25,3146
2017-08-26,1161
2017-08-26,45
2017-08-26,1075
2017-08-26,5217
2017-08-26,4655
2017-08-26,5833
2017-08-26,3271
2017-08-26,592
2017-08-26,54
2017-08-27,53
2017-08-27,60
2017-08-27,4994
2017-08-27,6096
2017-08-27,3279
2017-08-27,3177
2017-08-27,612
2017-08-27,5710
2017-08-27,431
2017-08-27,2791
2017-08-27,422
2017-08-27,582
2017-08-27,1108
2017-08-27,993
2017-08-28,64
2017-08-28,5293
2017-08-28,3701
2017-08-28,24899
2017-08-28,54
2017-08-28,4780
2017-08-28,496
2017-08-28,506
2017-08-28,1104
2017-08-28,522
2017-08-28,1194
2017-08-28,3754
2017-08-29,611
2017-08-29,25791
2017-08-29,1046
2017-08-29,4961
2017-08-29,1250
2017-08-29,514
2017-08-29,61
2017-08-29,4346
2017-08-29,587
2017-08-29,943
2017-08-29,3732
2017-08-29,53
2017-08-29,1084
2017-08-29,548
2017-08-30,4606
2017-08-30,55
2017-08-30,4990
2017-08-30,1169
2017-08-30,3422
2017-08-30,907
2017-08-30,620
2017-08-30,551
2017-08-30,53
2017-08-31,996
2017-08-31,58
2017-08-31,68
2017-08-31,59
2017-08-31,1114
2017-08-31,1028
2017-08-31,51
2017-08-31,3276
2017-08-31,1133
2017-08-31,46
2017-09-01,4835
2017-09-01,592
2017-09-01,525
2017-09-01,59
2017-09-01,5966
2017-09-01,5857
2017-09-01,4791
2017-09-01,54
2017-09-01,54
2017-09-01,59
2017-09-01,4520
2017-09-01,4817
2017-09-01,4787
2017-09-02,433
2017-09-02,1093
2017-09-02,476
2017-09-02,481
2017-09-02,4929
2017-09-02,4356
2017-09-02,6274
2017-09-02,38
2017-09-02,805
2017-09-02,525
2017-09-02,501
2017-09-02,835
2017-09-02,56
2017-09-02,3118
2017-09-02,3501
2017-09-02,56
2017-09-02,5002
2017-09-02,4649
2017-09-02,5415
2017-09-02,4958
2017-09-03,616
2017-09-03,576
2017-09-03,540
2017-09-03,2868
2017-09-03,560
2017-09-03,3527
2017-09-03,3768
2017-09-03,53
2017-09-03,4964
2017-09-03,55
2017-09-03,2572
2017-09-03,3255
2017-09-03,574
2017-09-03,3727
2017-09-03,524
2017-09-03,5533
2017-09-03,1024
2017-09-03,655
2017-09-03,4310
2017-09-03,57
2017-09-03,55
2017-09-03,59
2017-09-04,464
2017-09-04,503
2017-09-04,1095
2017-09-04,519
2017-09-04,2876
2017-09-04,3314
2017-09-04,3621
2017-09-04,57
2017-09-04,4916
2017-09-04,4906
2017-09-04,57
2017-09-04,3913
2017-09-04,4023
2017-09-05,54
2017-09-05,545
2017-09-05,995
2017-09-05,2785
2017-09-05,1239
2017-09-05,5569
2017-09-05,558
2017-09-05,523
2017-09-05,5039
2017-09-05,3961
2017-09-05,52
2017-09-05,551
2017-09-05,1300
2017-09-05,4063
2017-09-05,5113
2017-09-05,904
2017-09-05,610
2017-09-05,474
2017-09-05,597
2017-09-05,1022
2017-09-05,5688
2017-09-06,5625
2017-09-06,4903
2017-09-06,3571
2017-09-06,4356
2017-09-06,500
2017-09-06,376
2017-09-06,5323
2017-09-06,5099
2017-09-06,6029
2017-09-06,1195
2017-09-06,64
2017-09-06,5113
2017-09-07,61
2017-09-07,5154
2017-09-07,6117
2017-09-07,1211
2017-09-07,61
2017-09-07,3101
2017-09-07,48
2017-09-07,5561
2017-09-07,622
2017-09-07,4445
2017-09-07,1252
2017-09-07,5544
2017-09-07,3337
2017-09-08,4573
2017-09-08,578
2017-09-08,595
2017-09-08,520
2017-09-08,4428
2017-09-08,498
2017-09-08,460
2017-09-08,3121
2017-09-08,6205
2017-09-08,54
2017-09-08,572
2017-09-08,600
2017-09-08,55
2017-09-08,57
2017-09-08,623
2017-09-08,635
2017-09-09,1024
2017-09-09,2683
2017-09-09,460
2017-09-09,4960
2017-09-09,3104
2017-09-09,5097
2017-09-09,59
2017-09-09,596
2017-09-09,595
2017-09-09,6656
2017-09-10,1101
2017-09-10,3521
2017-09-10,3158
2017-09-10,50
2017-09-10,57
2017-09-10,63
2017-09-10,61
2017-09-10,5322
2017-09-10,63
2017-09-10,3350
2017-09-10,5031
2017-09-10,1121
2017-09-10,597
2017-09-10,3462
2017-09-10,5008
2017-09-10,5293
2017-09-10,4641
2017-09-10,3346
2017-09-11,4914
2017-09-11,4491
2017-09-11,5053
2017-09-11,1078
2017-09-11,4905
2017-09-11,631
2017-09-11,56
2017-09-11,58
2017-09-11,4096
2017-09-11,1128
2017-09-11,566
2017-09-11,525
2017-09-11,63
2017-09-11,61
2017-09-11,51
2017-09-12,4426
2017-09-12,572
2017-09-12,4138
2017-09-12,951
2017-09-12,5816
2017-09-12,592
2017-09-12,6250
2017-09-12,3510
2017-09-12,1099
2017-09-12,4430
2017-09-12,3046
2017-09-12,3464
2017-09-12,4323
2017-09-12,2855
2017-09-12,4375
2017-09-12,61
2017-09-12,2969
2017-09-13,4755
2017-09-13,54
2017-09-13,1082
2017-09-13,5778
2017-09-13,5714
2017-09-13,3598
2017-09-13,60
2017-09-13,532
2017-09-13,55
2017-09-13,49
2017-09-13,524
2017-09-13,3241
2017-09-13,1051
2017-09-13,3951
2017-09-13,1050
2017-09-13,6391
2017-09-13,59
2017-09-13,1105
2017-09-13,5096
2017-09-13,5626
2017-09-13,4954
2017-09-13,48
2017-09-13,558
2017-09-13,5067
2017-09-14,1220
2017-09-14,3728
2017-09-14,4477
2017-09-14,3438
2017-09-14,3449
2017-09-14,649
2017-09-14,1102
2017-09-14,1023
2017-09-14,3834
2017-09-14,64
2017-09-14,1002
2017-09-14,653
2017-09-14,1098
2017-09-14,63
2017-09-14,524
2017-09-14,4251
2017-09-14,1114
2017-09-15,61
2017-09-15,536
2017-09-15,51
2017-09-15,547
2017-09-15,561
2017-09-15,584
2017-09-15,5220
2017-09-15,59
2017-09-15,5541
2017-09-15,3427
2017-09-15,530
2017-09-15,477
2017-09-15,586
2017-09-15,4662
2017-09-15,4592
2017-09-15,552
2017-09-15,5191
2017-09-15,56
2017-09-15,5227
2017-09-15,5717
2017-09-15,5027
2017-09-16,3483
2017-09-16,3727
2017-09-16,53
2017-09-16,55
2017-09-16,3777
2017-09-16,1198
2017-09-16,4277
2017-09-16,6192
2017-09-16,460
2017-09-16,5861
2017-09-16,1203
2017-09-16,4797
2017-09-16,983
2017-09-16,518
2017-09-16,4809
2017-09-16,555
2017-09-16,5080
2017-09-16,1166
2017-09-16,4844
2017-09-17,5373
2017-09-17,62
2017-09-17,2979
2017-09-17,4577
2017-09-17,483
2017-09-17,1063
2017-09-17,3295
2017-09-17,55
2017-09-17,533
2017-09-17,6193
2017-09-17,5666
2017-09-17,5054
2017-09-17,6360
2017-09-17,5431
2017-09-17,57
2017-09-17,54
2017-09-17,1159
2017-09-18,984
2017-09-18,4786
2017-09-18,5190
2017-09-18,44
2017-09-18,560
2017-09-18,5206
2017-09-18,4801
2017-09-18,60
2017-09-18,5455
2017-09-18,1194
2017-09-18,3630
2017-09-18,1071
2017-09-18,3830
2017-09-18,4598
2017-09-18,1088
2017-09-18,4975
2017-09-18,585
2017-09-18,4535
2017-09-18,5421
2017-09-18,5919
2017-09-19,959
2017-09-19,651
2017-09-19,3314
2017-09-19,5055
2017-09-19,54
2017-09-19,60
2017-09-19,5927
2017-09-19,4642
2017-09-19,882
2017-09-19,3457
2017-09-19,454
2017-09-19,4935
2017-09-19,560
2017-09-19,530
2017-09-20,51
2017-09-20,59
2017-09-20,1144
2017-09-20,851
2017-09-20,1143
2017-09-20,48
2017-09-20,1213
2017-09-20,506
2017-09-20,470
2017-09-20,658
2017-09-20,1029
2017-09-20,3971
2017-09-20,3206
2017-09-20,53
2017-09-20,4870
2017-09-21,5074
2017-09-21,3418
2017-09-21,5051
2017-09-21,53
2017-09-21,1236
2017-09-21,4759
2017-09-21,2739
2017-09-21,5301
2017-09-21,2949
2017-09-21,52
2017-09-21,1064
2017-09-21,415
2017-09-21,948
2017-09-21,5832
2017-09-21,5245
2017-09-21,3138
2017-09-21,72
2017-09-21,518
2017-09-21,892
2017-09-22,3404
2017-09-22,4370
2017-09-22,44
2017-09-22,4966
2017-09-22,990
2017-09-22,628
2017-09-22,519
2017-09-22,5848
2017-09-22,4722
2017-09-22,559
2017-09-22,60
2017-09-22,4609
2017-09-22,600
2017-09-23,483
2017-09-23,4924
2017-09-23,5198
2017-09-23,510
2017-09-23,3722
2017-09-23,54
2017-09-23,4506
2017-09-23,59
2017-09-23,1027
2017-09-23,4059
2017-09-23,4888
2017-09-23,1157
2017-09-23,47
2017-09-23,2857
2017-09-23,531
2017-09-23,4989
2017-09-23,546
2017-09-23,65
2017-09-23,5548
2017-09-23,47
2017-09-23,3596
2017-09-23,55
2017-09-24,614
2017-09-24,54
2017-09-24,3679
2017-09-24,5944
2017-09-24,3257
2017-09-24,2851
2017-09-24,1176
2017-09-24,546
2017-09-24,501
2017-09-24,5600
2017-09-24,568
2017-09-24,600
2017-09-24,5820
2017-09-24,4369
2017-09-25,584
2017-09-25,616
2017-09-25,1001
2017-09-25,64
2017-09-25,918
2017-09-25,535
2017-09-25,475
2017-09-25,571
2017-09-25,1047
2017-09-25,4050
2017-09-25,3678
2017-09-25,3197
2017-09-26,3061
2017-09-26,60
2017-09-26,633
2017-09-26,479
2017-09-26,29166
2017-09-26,5449
2017-09-26,3280
2017-09-26,1043
2017-09-26,6000
2017-09-26,1193
2017-09-26,54
2017-09-26,1153
2017-09-26,5763
2017-09-26,59
2017-09-27,5961
2017-09-27,940
2017-09-27,55
2017-09-27,3729
2017-09-27,539
2017-09-27,560
2017-09-27,940
2017-09-27,6693
2017-09-27,507
2017-09-27,3139
2017-09-27,3038
2017-09-27,4868
2017-09-27,5228
2017-09-27,1081
2017-09-27,66
2017-09-27,512
2017-09-27,5360
2017-09-27,4800
2017-09-27,4902
2017-09-27,68
2017-09-27,1047
2017-09-27,5727
2017-09-28,505
2017-09-28,3590
2017-09-28,1291
2017-09-28,1136
2017-09-28,1100
2017-09-28,469
2017-09-28,583
2017-09-28,3696
2017-09-28,6180
2017-09-28,3195
2017-09-28,675
2017-09-28,4308
2017-09-29,62
2017-09-29,5033
2017-09-29,52
2017-09-29,54
2017-09-29,565
2017-09-29,1319
2017-09-29,534
2017-09-29,3535
2017-09-29,5947
2017-09-29,3463
2017-09-29,4805
2017-09-29,1221
2017-09-29,5450
2017-09-29,5037
2017-09-29,587
2017-09-29,47
2017-09-29,59
2017-09-30,4744
2017-09-30,3399
2017-09-30,58
2017-09-30,587
2017-09-30,5056
2017-09-30,530
2017-09-30,56
2017-09-30,3225
2017-09-30,3340
2017-09-30,5753
2017-09-30,3593
2017-09-30,1170
2017-09-30,3015
2017-09-30,4994
2017-09-30,4011
2017-09-30,4695
2017-09-30,5604
2017-09-30,4361
2017-09-30,66
2017-09-30,4422
2017-09-30,2800
2017-10-01,552
2017-10-01,566
2017-10-01,55
2017-10-01,5775
2017-10-01,57
2017-10-01,5865
2017-10-01,558
2017-10-01,5340
2017-10-02,5784
2017-10-02,3485
2017-10-02,5357
2017-10-02,1127
2017-10-02,60
2017-10-02,54
2017-10-02,65
2017-10-03,5144
2017-10-03,5527
2017-10-03,55
2017-10-03,2984
2017-10-03,3794
2017-10-03,3786
2017-10-03,1076
2017-10-03,1048
2017-10-04,5868
2017-10-04,1189
2017-10-04,53
2017-10-04,3438
2017-10-04,1225
2017-10-04,2811
2017-10-04,5263
2017-10-04,616
2017-10-05,5378
2017-10-05,4727
2017-10-05,495
2017-10-05,955
2017-10-05,3250
2017-10-05,5280
2017-10-05,55
2017-10-05,571
2017-10-05,4942
2017-10-05,3957
2017-10-05,502
2017-10-05,3169
2017-10-05,3858
2017-10-06,3681
2017-10-06,3704
2017-10-06,58
2017-10-07,5708
2017-10-07,1232
2017-10-07,5553
2017-10-07,5203
2017-10-07,549
2017-10-07,5331
2017-10-07,58
2017-10-07,4401
2017-10-07,510
2017-10-07,3203
2017-10-08,3557
2017-10-08,63
2017-10-08,57
2017-10-08,1108
2017-10-08,51
2017-10-08,1050
2017-10-08,1028
2017-10-08,3435
2017-10-08,4461
2017-10-08,3212
2017-10-08,661
2017-10-09,5689
2017-10-09,3006
2017-10-09,5007
2017-10-09,4594
2017-10-09,4201
2017-10-09,56
2017-10-09,3254
2017-10-09,5212
2017-10-09,1139
2017-10-09,3023
2017-10-10,3148
2017-10-10,4186
2017-10-10,3415
2017-10-10,58
2017-10-10,5127
2017-10-10,5055
2017-10-10,1132
2017-10-10,556
2017-10-10,608
2017-10-10,552
2017-10-10,565
2017-10-10,1129
2017-10-10,56
2017-10-11,6156
2017-10-11,44
2017-10-11,50
2017-10-11,4105
2017-10-11,54
2017-10-11,622
2017-10-11,5004
2017-10-11,3002
2017-10-11,59
2017-10-11,3435
2017-10-11,1166
2017-10-11,473
2017-10-11,4575
2017-10-12,536
2017-10-12,3670
2017-10-12,3482
2017-10-12,544
2017-10-12,53
2017-10-12,509
2017-10-12,4552
2017-10-12,4763
2017-10-12,48
2017-10-13,6304
2017-10-13,5349
2017-10-13,1096
2017-10-13,594
2017-10-13,3090
2017-10-14,5989
2017-10-14,5170
2017-10-14,552
2017-10-14,6228
2017-10-14,1240
2017-10-14,4605
2017-10-14,3860
2017-10-14,549
2017-10-14,53
2017-10-14,3475
2017-10-14,3250
2017-10-15,64
2017-10-15,1186
2017-10-15,5711
2017-10-15,1134
2017-10-15,881
2017-10-15,4882
2017-10-16,1095
2017-10-16,4989
2017-10-16,3434
2017-10-16,42
2017-10-16,1154
2017-10-16,4885
2017-10-16,4936
2017-10-16,868
2017-10-16,5344
2017-10-17,3472
2017-10-17,3578
2017-10-17,4505
2017-10-17,1004
2017-10-17,4247
2017-10-17,3490
2017-10-17,57
2017-10-18,1132
2017-10-18,58
2017-10-18,545
2017-10-18,54
2017-10-18,4810
2017-10-18,56
2017-10-19,52
2017-10-19,577
2017-10-19,6751
2017-10-19,5046
2017-10-19,54
2017-10-20,2812
2017-10-20,3100
2017-10-20,3215
2017-10-20,3892
2017-10-20,3024
2017-10-20,3744
2017-10-20,1200
2017-10-20,4130
2017-10-20,47
2017-10-20,474
2017-10-20,4389
2017-10-20,2749
2017-10-20,5368
2017-10-21,1066
2017-10-21,6555
2017-10-21,528
2017-10-21,696
2017-10-21,1096
2017-10-21,1105
2017-10-21,553
2017-10-21,6026
2017-10-22,528
2017-10-22,969
2017-10-22,472
2017-10-22,58
2017-10-22,3696
2017-10-23,594
2017-10-23,888
2017-10-23,5449
2017-10-23,51
2017-10-23,6637
2017-10-23,1060
2017-10-23,4942
2017-10-23,55
2017-10-23,5458
2017-10-23,6233
2017-10-24,4767
2017-10-24,49
2017-10-24,53
2017-10-24,4521
2017-10-24,48
2017-10-24,3536
2017-10-24,4353
2017-10-24,5500
2017-10-24,3616
2017-10-24,3450
2017-10-24,5685
2017-10-25,4834
2017-10-25,4580
2017-10-25,4751
2017-10-25,4552
2017-10-25,1243
2017-10-26,978
2017-10-26,1168
2017-10-26,64
2017-10-26,68
2017-10-26,3225
2017-10-26,5569
2017-10-26,451
2017-10-26,4287
2017-10-26,4024
2017-10-26,535
2017-10-26,566
2017-10-27,54
2017-10-27,461
2017-10-27,3363
2017-10-27,6276
2017-10-27,4688
2017-10-27,53
2017-10-27,4345
2017-10-27,3848
2017-10-27,4435
2017-10-27,4109
2017-10-27,575
2017-10-27,526
2017-10-27,1103
2017-10-27,3353
2017-10-28,1062
2017-10-28,562
2017-10-28,1226
2017-10-28,4699
2017-10-28,5190
2017-10-28,504
2017-10-28,5275
2017-10-28,50
2017-10-29,5144
2017-10-29,62
2017-10-29,4732
2017-10-29,3612
2017-10-29,544
2017-10-29,3082
2017-10-29,5360
2017-10-29,965
2017-10-29,519
2017-10-29,601
2017-10-29,538
2017-10-29,66
2017-10-29,27971
2017-10-30,43
2017-10-30,1089
2017-10-30,54
2017-10-30,60
2017-10-30,5388
2017-10-30,52
2017-10-30,3578
2017-10-30,3294
2017-10-30,5516
2017-10-30,4733
2017-10-31,2995
2017-10-31,981
2017-10-31,1237
2017-10-31,1195
2017-10-31,1133
2017-10-31,4377
2017-10-31,62
2017-10-31,4178
2017-10-31,973
2017-11-01,53
2017-11-01,592
2017-11-01,534
2017-11-01,1080
2017-11-01,5807
2017-11-01,4593
2017-11-01,529
2017-11-01,5113
2017-11-01,3422
2017-11-01,524
2017-11-01,4991
2017-11-01,1027
2017-11-01,553
2017-11-02,511
2017-11-02,3260
2017-11-02,56
2017-11-02,1080
2017-11-02,4313
2017-11-02,50
2017-11-02,4743
2017-11-02,3024
2017-11-02,578
2017-11-02,977
2017-11-02,6659
2017-11-02,672
2017-11-02,62
2017-11-02,549
2017-11-02,3588
2017-11-02,653
2017-11-02,55
2017-11-03,3624
2017-11-03,51
2017-11-03,3700
2017-11-03,3252
2017-11-03,1077
2017-11-03,54
2017-11-03,6322
2017-11-03,67
2017-11-03,499
2017-11-03,54
2017-11-03,6182
2017-11-03,990
2017-11-03,48
2017-11-03,5729
2017-11-03,447
2017-11-03,50
2017-11-03,3296
2017-11-03,479
2017-11-04,3306
2017-11-04,3308
2017-11-04,52
2017-11-04,4582
2017-11-04,3902
2017-11-04,6372
2017-11-04,63
2017-11-04,3966
2017-11-04,545
2017-11-04,5729
2017-11-04,546
2017-11-04,631
2017-11-04,1267
2017-11-04,4525
2017-11-04,5239
2017-11-04,622
2017-11-05,4810
2017-11-05,57
2017-11-05,56
2017-11-05,5170
2017-11-05,5231
2017-11-05,4382
2017-11-05,586
2017-11-05,3258
2017-11-05,53
2017-11-06,55
2017-11-06,5559
2017-11-06,4434
2017-11-06,3415
2017-11-06,5529
2017-11-06,3447
2017-11-06,3275
2017-11-06,3251
2017-11-06,4194
2017-11-06,5655
2017-11-06,3064
2017-11-06,430
2017-11-06,583
2017-11-07,1196
2017-11-07,2715
2017-11-07,65
2017-11-07,3972
2017-11-07,539
2017-11-07,49
2017-11-07,59
2017-11-07,5532
2017-11-07,532
2017-11-07,2712
2017-11-07,55
2017-11-07,3561
2017-11-07,4172
2017-11-07,4742
2017-11-07,4155
2017-11-07,6767
2017-11-08,5526
2017-11-08,3354
2017-11-08,430
2017-11-08,58
2017-11-08,57
2017-11-08,58
2017-11-08,505
2017-11-08,5042
2017-11-08,54
2017-11-08,3362
2017-11-08,56
2017-11-08,3207
2017-11-08,450
2017-11-08,6818
2017-11-09,1123
2017-11-09,563
2017-11-09,51
2017-11-09,5868
2017-11-09,5107
2017-11-09,62
2017-11-09,3975
2017-11-09,486
2017-11-09,5512
2017-11-09,480
2017-11-10,5234
2017-11-10,4809
2017-11-10,4161
2017-11-10,6186
2017-11-10,26186
2017-11-10,5745
2017-11-10,4945
2017-11-10,4356
2017-11-10,46
2017-11-10,960
2017-11-10,5031
2017-11-11,4009
2017-11-11,550
2017-11-11,526
2017-11-11,520
2017-11-11,4731
2017-11-11,602
2017-11-11,973
2017-11-11,53
2017-11-11,598
2017-11-11,5646
2017-11-11,539
2017-11-11,4058
2017-11-11,61
2017-11-11,1203
2017-11-12,48
2017-11-12,57
2017-11-12,509
2017-11-12,1215
2017-11-12,4467
2017-11-12,511
2017-11-12,4828
2017-11-12,3333
2017-11-12,580
2017-11-12,591
2017-11-12,577
2017-11-12,1079
2017-11-12,3082
2017-11-12,5681
2017-11-13,1075
2017-11-13,3464
2017-11-13,986
2017-11-13,1074
2017-11-13,948
2017-11-13,994
2017-11-13,1042
2017-11-13,1060
2017-11-13,6101
2017-11-13,549
2017-11-13,4515
2017-11-13,51
2017-11-13,1138
2017-11-14,3552
2017-11-14,54
2017-11-14,3779
2017-11-14,4454
2017-11-14,58
2017-11-14,4833
2017-11-14,53
2017-11-14,3703
2017-11-14,3930
2017-11-14,948
2017-11-14,4808
2017-11-14,61
2017-11-14,4529
2017-11-14,2866
2017-11-14,3426
2017-11-14,606
2017-11-14,5916
2017-11-15,566
2017-11-15,518
2017-11-15,510
2017-11-15,5280
2017-11-15,4343
2017-11-15,5348
2017-11-15,4205
2017-11-15,571
2017-11-15,1124
2017-11-15,5276
2017-11-16,578
2017-11-16,56
2017-11-16,66
2017-11-16,975
2017-11-16,4722
2017-11-16,468
2017-11-16,3072
2017-11-16,4972
2017-11-16,585
2017-11-16,51
2017-11-17,5452
2017-11-17,3684
2017-11-17,5316
2017-11-17,432
2017-11-17,63
2017-11-17,1076
2017-11-17,44
2017-11-17,485
2017-11-17,574
2017-11-17,560
2017-11-17,62
2017-11-17,985
2017-11-17,5144
2017-11-18,3113
2017-11-18,1106
2017-11-18,56
2017-11-18,1251
2017-11-18,1072
2017-11-18,555
2017-11-18,651
2017-11-18,662
2017-11-18,1059
2017-11-18,577
2017-11-18,5653
2017-11-19,6049
2017-11-19,4032
2017-11-19,4648
2017-11-19,567
2017-11-19,1029
2017-11-19,3517
2017-11-19,57
2017-11-19,454
2017-11-19,1046
2017-11-19,1132
2017-11-19,1011
2017-11-19,5185
2017-11-19,5987
2017-11-19,637
2017-11-19,487
2017-11-19,5186
2017-11-19,4249
2017-11-19,55
2017-11-19,1148
2017-11-19,1071
2017-11-19,4011
2017-11-20,4197
2017-11-20,556
2017-11-20,3597
2017-11-20,481
2017-11-20,490
2017-11-20,1029
2017-11-20,55
2017-11-20,415
2017-11-20,511
2017-11-20,1133
2017-11-20,4480
2017-11-20,1180
2017-11-20,1224
2017-11-20,3664
2017-11-20,886
2017-11-20,678
2017-11-20,549
2017-11-21,50
2017-11-21,528
2017-11-21,5129
2017-11-21,58
2017-11-21,58
2017-11-21,2689
2017-11-21,4999
2017-11-21,477
2017-11-21,1039
2017-11-21,3795
2017-11-21,3264
2017-11-21,4237
2017-11-21,437
2017-11-21,54
2017-11-21,4243
2017-11-22,1040
2017-11-22,5468
2017-11-22,63
2017-11-22,5078
2017-11-22,58
2017-11-22,1231
2017-11-22,531
2017-11-22,570
2017-11-22,5595
2017-11-22,1218
2017-11-22,443
2017-11-22,938
2017-11-22,575
2017-11-23,2986
2017-11-23,65
2017-11-23,55
2017-11-23,4773
2017-11-23,471
2017-11-23,59
2017-11-23,3822
2017-11-23,4780
2017-11-23,1112
2017-11-23,562
2017-11-23,947
2017-11-23,3161
2017-11-24,594
2017-11-24,529
2017-11-24,596
2017-11-24,547
2017-11-24,58
2017-11-24,4487
2017-11-24,4938
2017-11-24,571
2017-11-24,4362
2017-11-24,493
2017-11-24,1035
2017-11-24,4880
2017-11-24,4540
2017-11-25,533
2017-11-25,5305
2017-11-25,62
2017-11-25,3830
2017-11-25,57
2017-11-25,552
2017-11-25,629
2017-11-25,1179
2017-11-25,1190
2017-11-25,530
2017-11-25,6932
2017-11-26,59
2017-11-26,4732
2017-11-26,4456
2017-11-26,458
2017-11-26,3473
2017-11-26,5160
2017-11-26,5196
2017-11-26,5867
2017-11-26,59
2017-11-26,2968
2017-11-26,4620
2017-11-26,65
2017-11-27,4480
2017-11-27,5058
2017-11-27,3514
2017-11-27,6255
2017-11-27,50
2017-11-27,51
2017-11-27,946
2017-11-27,6105
2017-11-27,48
2017-11-27,50
2017-11-27,1117
2017-11-27,4884
2017-11-28,5540
2017-11-28,60
2017-11-28,5668
2017-11-28,51
2017-11-28,4500
2017-11-28,55
2017-11-28,532
2017-11-28,3206
2017-11-28,6540
2017-11-28,662
2017-11-29,3165
2017-11-29,508
2017-11-29,498
2017-11-29,57
2017-11-29,61
2017-11-29,1151
2017-11-29,51
2017-11-29,5211
2017-11-29,4521
2017-11-29,3342
2017-11-29,3644
2017-11-29,4617
2017-11-29,52
2017-11-29,5106
2017-11-29,1001
2017-11-29,5077
2017-11-30,53
2017-11-30,601
2017-11-30,4201
2017-11-30,61
2017-11-30,1077
2017-11-30,3902
2017-11-30,54
2017-11-30,526
2017-11-30,61
2017-11-30,1133
2017-11-30,3509
2017-11-30,4881
2017-11-30,557
2017-11-30,5600
2017-11-30,4888
2017-12-01,1091
2017-12-01,59
2017-12-01,1148
2017-12-01,3331
2017-12-01,3281
2017-12-01,1251
2017-12-01,3663
2017-12-01,5542
2017-12-01,4673
2017-12-01,61
2017-12-01,3271
2017-12-01,2590
2017-12-01,460
2017-12-02,508
2017-12-02,53
2017-12-02,965
2017-12-02,4981
2017-12-02,49
2017-12-02,2918
2017-12-02,3063
2017-12-02,57
2017-12-02,577
2017-12-03,5703
2017-12-03,1054
2017-12-03,5110
2017-12-03,44
2017-12-03,514
2017-12-03,614
2017-12-03,1106
2017-12-03,1021
2017-12-03,4647
2017-12-03,513
2017-12-03,4079
2017-12-03,62
2017-12-03,562
2017-12-04,1245
2017-12-04,535
2017-12-04,67
2017-12-04,2613
2017-12-04,54
2017-12-04,566
2017-12-04,4819
2017-12-04,58
2017-12-04,585
2017-12-04,491
2017-12-04,5520
2017-12-04,595
2017-12-04,3079
2017-12-04,5255
2017-12-04,3278
2017-12-04,1082
2017-12-04,57
2017-12-04,29220
2017-12-04,643
2017-12-04,589
2017-12-04,5110
2017-12-04,601
2017-12-05,4639
2017-12-05,5127
2017-12-05,3371
2017-12-05,538
2017-12-05,3497
2017-12-05,3039
2017-12-05,5138
2017-12-05,541
2017-12-05,5469
2017-12-05,4527
2017-12-05,610
2017-12-05,497
2017-12-05,47
2017-12-05,927
2017-12-05,885
2017-12-05,3612
2017-12-06,57
2017-12-06,3436
2017-12-06,54
2017-12-06,1144
2017-12-06,505
2017-12-06,3779
2017-12-06,59
2017-12-06,6166
2017-12-06,3203
2017-12-06,4154
2017-12-06,4492
2017-12-07,3367
2017-12-07,5315
2017-12-07,49
2017-12-07,53
2017-12-07,5230
2017-12-07,65
2017-12-07,4990
2017-12-07,1178
2017-12-07,568
2017-12-07,5269
2017-12-07,4645
2017-12-07,609
2017-12-07,49
2017-12-07,3844
2017-12-07,562
2017-12-07,5172
2017-12-08,1017
2017-12-08,542
2017-12-08,4139
2017-12-08,606
2017-12-08,62
2017-12-08,6489
2017-12-08,3974
2017-12-08,54
2017-12-08,1171
2017-12-08,4614
2017-12-08,540
2017-12-08,59
2017-12-08,488
2017-12-08,5737
2017-12-08,504
2017-12-08,5209
2017-12-08,58
2017-12-08,484
2017-12-08,3494
2017-12-08,57
2017-12-09,569
2017-12-09,56
2017-12-09,3932
2017-12-09,1182
2017-12-09,50
2017-12-09,5669
2017-12-09,48
2017-12-09,4709
2017-12-09,4906
2017-12-09,3329
2017-12-09,5960
2017-12-09,1292
2017-12-09,1284
2017-12-09,5192
2017-12-09,5756
2017-12-09,4445
2017-12-09,1131
2017-12-09,5619
2017-12-10,4872
2017-12-10,1117
2017-12-10,3131
2017-12-10,2927
2017-12-10,944
2017-12-10,3704
2017-12-10,472
2017-12-10,563
2017-12-10,1129
2017-12-10,6142
2017-12-10,2695
2017-12-10,56
2017-12-10,5466
2017-12-10,5547
2017-12-10,54
2017-12-11,5454
2017-12-11,1033
2017-12-11,5220
2017-12-11,430
2017-12-11,457
2017-12-11,1049
2017-12-11,537
2017-12-11,66
2017-12-11,5886
2017-12-11,1110
2017-12-12,50
2017-12-12,1249
2017-12-12,54
2017-12-12,3811
2017-12-12,456
2017-12-12,3021
2017-12-12,5158
2017-12-12,545
2017-12-12,61
2017-12-12,4125
2017-12-12,1135
2017-12-12,511
2017-12-12,481
2017-12-12,3309
2017-12-12,1192
2017-12-12,5702
2017-12-12,515
2017-12-13,3063
2017-12-13,517
2017-12-13,513
2017-12-13,51
2017-12-13,942
2017-12-13,50
2017-12-13,847
2017-12-13,1111
2017-12-13,3293
2017-12-13,53
2017-12-13,57
2017-12-13,3538
2017-12-13,563
2017-12-13,57
2017-12-14,609
2017-12-14,532
2017-12-14,3595
2017-12-14,640
2017-12-14,582
2017-12-14,1176
2017-12-14,4140
2017-12-14,1086
2017-12-14,472
2017-12-14,3772
2017-12-14,3553
2017-12-14,5422
2017-12-14,492
2017-12-14,59
2017-12-14,4964
2017-12-14,49
2017-12-14,656
2017-12-14,1204
2017-12-14,58
2017-12-14,3285
2017-12-14,5204
2017-12-14,1195
2017-12-14,56
2017-12-14,49
2017-12-15,58
2017-12-15,3482
2017-12-15,2814
2017-12-15,1252
2017-12-15,54
2017-12-15,4110
2017-12-15,4578
2017-12-15,5271
2017-12-15,4970
2017-12-15,53
2017-12-15,579
2017-12-15,953
2017-12-15,4899
2017-12-15,64
2017-12-16,49
2017-12-16,6318
2017-12-16,5115
2017-12-16,626
2017-12-16,1066
2017-12-16,56
2017-12-16,492
2017-12-16,4865
2017-12-16,2941
2017-12-16,59
2017-12-16,3089
2017-12-16,565
2017-12-16,5543
2017-12-16,54
2017-12-16,3843
2017-12-16,960
2017-12-17,3894
2017-12-17,1374
2017-12-17,566
2017-12-17,1259
2017-12-17,3331
2017-12-17,4415
2017-12-17,3285
2017-12-17,482
2017-12-17,59
2017-12-17,5143
2017-12-17,6456
2017-12-17,4755
2017-12-17,50
2017-12-18,510
2017-12-18,716
2017-12-18,62
2017-12-18,1083
2017-12-18,644
2017-12-18,64
2017-12-18,5192
2017-12-18,53
2017-12-18,3772
2017-12-18,507
2017-12-18,5528
2017-12-18,62
2017-12-18,544
2017-12-18,1127
2017-12-18,5112
2017-12-18,4591
2017-12-18,62
2017-12-18,58
2017-12-18,1111
2017-12-18,60
2017-12-18,48
2017-12-18,59
2017-12-18,3078
2017-12-18,1220
2017-12-18,60
2017-12-18,480
2017-12-19,511
2017-12-19,4577
2017-12-19,587
2017-12-19,5385
2017-12-19,538
2017-12-19,5026
2017-12-19,3164
2017-12-19,60
2017-12-19,48
2017-12-19,1179
2017-12-19,6141
2017-12-19,5052
2017-12-19,914
2017-12-20,1013
2017-12-20,573
2017-12-20,476
2017-12-20,4744
2017-12-20,525
2017-12-20,54
2017-12-20,5788
2017-12-20,504
2017-12-20,5026
2017-12-20,496
2017-12-20,2763
2017-12-20,4501
2017-12-20,4869
2017-12-20,954
2017-12-20,51
2017-12-20,1184
2017-12-20,5031
2017-12-20,48
2017-12-20,3547
2017-12-20,993
2017-12-21,5881
2017-12-21,576
2017-12-21,489
2017-12-21,5052
2017-12-21,503
2017-12-21,550
2017-12-21,452
2017-12-21,1156
2017-12-21,4735
2017-12-21,453
2017-12-21,535
2017-12-21,903
2017-12-21,47
2017-12-21,3298
2017-12-21,49
2017-12-21,57
2017-12-21,53
2017-12-22,1135
2017-12-22,2833
2017-12-22,2994
2017-12-22,555
2017-12-22,920
2017-12-22,5600
2017-12-22,4869
2017-12-22,63
2017-12-22,5009
2017-12-22,4404
2017-12-22,3517
2017-12-22,446
2017-12-22,4545
2017-12-22,5883
2017-12-22,5504
2017-12-22,557
2017-12-22,6299
2017-12-22,597
2017-12-22,1243
2017-12-23,547
2017-12-23,551
2017-12-23,1020
2017-12-23,4976
2017-12-23,498
2017-12-23,4910
2017-12-23,1129
2017-12-23,551
2017-12-23,698
2017-12-23,5576
2017-12-24,4009
2017-12-24,5627
2017-12-24,4991
2017-12-24,468
2017-12-24,619
2017-12-24,55
2017-12-24,550
2017-12-24,58
2017-12-24,986
2017-12-24,52
2017-12-24,1047
2017-12-24,3379
2017-12-24,55
2017-12-24,3155
2017-12-25,3854
2017-12-25,5790
2017-12-25,3748
2017-12-25,59
2017-12-25,3091
2017-12-25,520
2017-12-25,585
2017-12-25,608
2017-12-25,4753
2017-12-25,592
2017-12-25,1008
2017-12-25,4734
2017-12-25,5095
2017-12-25,3836
2017-12-25,1192
2017-12-25,55
2017-12-25,49
2017-12-26,1118
2017-12-26,4631
2017-12-26,41
2017-12-26,547
2017-12-26,866
2017-12-26,52
2017-12-26,563
2017-12-26,5624
2017-12-26,543
2017-12-26,50
2017-12-26,615
2017-12-26,1075
2017-12-26,921
2017-12-26,3240
2017-12-26,5196
2017-12-26,4953
2017-12-26,538
2017-12-26,622
2017-12-27,456
2017-12-27,5663
2017-12-27,4812
2017-12-27,5069
2017-12-27,505
2017-12-27,56
2017-12-27,4980
2017-12-27,4178
2017-12-27,3442
2017-12-27,3735
2017-12-28,1005
2017-12-28,474
2017-12-28,5285
2017-12-28,3627
2017-12-28,7300
2017-12-28,5044
2017-12-28,5491
2017-12-28,50
2017-12-28,3253
2017-12-28,5064
2017-12-28,51
2017-12-28,57
2017-12-28,650
2017-12-28,2477
2017-12-28,5862
2017-12-28,537
2017-12-28,1166
2017-12-28,54
2017-12-28,58
2017-12-28,4315
2017-12-28,50
2017-12-28,61
2017-12-28,3673
2017-12-29,54
2017-12-29,1166
2017-12-29,3302
2017-12-29,5013
2017-12-29,5301
2017-12-29,523
2017-12-29,1087
2017-12-29,53
2017-12-29,4659
2017-12-29,470
2017-12-29,619
2017-12-29,6340
2017-12-29,1168
2017-12-29,494
2017-12-29,5574
2017-12-29,4433
2017-12-29,67
2017-12-30,580
2017-12-30,611
2017-12-30,5141
2017-12-30,1140
2017-12-30,58
2017-12-30,4570
2017-12-30,613
2017-12-30,54
2017-12-30,55
2017-12-30,52
2017-12-30,523
2017-12-30,5270
2017-12-30,54
2017-12-30,464
2017-12-30,6038
2017-12-30,6406
2017-12-30,546
2017-12-30,537
2017-12-30,2931
2017-12-30,5610
2017-12-30,481
2017-12-30,44
2017-12-30,6469
2017-12-30,4566
2017-12-30,3494
2017-12-30,1093
2017-12-30,1052
2017-12-31,3064
2017-12-31,975
2017-12-31,57
2017-12-31,5153
2017-12-31,6000
2017-12-31,3248
2017-12-31,41
2017-12-31,3629
2017-12-31,4651
2017-12-31,457
2017-12-31,546
2017-12-31,3296
2017-12-31,5091
2017-12-31,52
2017-12-31,567
2017-12-31,3300
2017-12-31,1007
2017-12-31,54
2017-12-31,576
